created_at,text
2019-08-22T09:35:51Z,今のところデータの前処理から可視化までは、pythonよりRの方が書き方が統一されていて、初心者向けだと思うのはRユーザーバイアスでしょうか…
2019-08-22T09:32:21Z,"pythonのmatplotlibには、matlabライクな書き方とオブジェクト指向的な書き方の二種類があって、細かな調整には後者の知識が必要で、figure、axes、axisなどの階層性を理解するとかゆいところに手が届くようになる
というところをごちゃごちゃと練習していたら今日の午後は終わりました。"
2019-08-21T13:18:46Z,"@aad34210 axis.textをelement_blank()で消すと詐欺になりますね笑
データの概略を掴むときは重宝しております。"
2019-08-21T06:49:04Z,"ggplot2のfacet_grid,wrapでscaleを""free""にすると、分割後のグラフのx軸、y軸をいい感じに調整してくれる。
さらに""free_x""や""free_y""として、どちらかの軸のみ単独で指定することもできる。
よきよき(^^)"
2019-08-20T12:05:56Z,"Pythonで複数カラムのpandasをwide,longに変換するのにとてつもない時間をかけてしまった。入れ子になったインデックスやカラムの概念はRにはないので、難しい…
ただ、Rのspread,gatherを使いたい誘惑には打ち勝ちました。"
2019-08-20T00:36:31Z,"SPSSを使っていた頃は、回帰分析やANOVA、ANCOVA、t検定等々のそれぞれの解析手法は謎に包まれていたので統計が恐ろしかったですが、
Rを使い始めて、一般化線形モデルの概念で丸く収まることを知ってから、恐ろしさが半減しました。
SPSSに一般化線形モデルの項目があるのがまたややこしいです… https://t.co/ltk2tNFsRM"
2019-08-13T08:50:50Z,"昨日はほぼ不眠で解析結果をまとめいたら、スライドが100枚ぐらいなってしまった(*_*)
ほとんどが記述統計のグラフ…
もっと深ぼって検定とかしたいけど、時間がないのでこれで行こう"
2019-08-10T05:24:00Z,データサイエンティストを名乗り、pハッキングやダブルディッピング等のテクニックを駆使して、データを拷問し、無理やり結果を語らせる人をデータサディストと呼ぶことにします。
2019-08-07T05:15:24Z,"学部時代の病院実習中や、論文を書いているとき、その他のデータを解析しているときもそうだけど、この数値やこの結果がもう少し、こうなったら、自分の仮説通りにことが進むのに…
と現実世界の複雑さを思い知らされる。"
2019-08-06T10:08:36Z,膨大なテキストのワードマップと共起ネットを作って、時系列データをprophetで解析して、アンケート結果を属性ごとに綺麗に可視化して、それをkmeansでクラスタリングしたり、統計にかけたりして、自分の解析技術を総動員した結果、何が言いたかったのか分からないことがわかった…1番だめなやつだ(__)
2019-08-04T01:48:47Z,"時間差をdiffで計算させるとき、時間間隔から勝手に、秒、分、日など判断してくれるけれど、単位が違うとやっかいなことになるときは、as.numericでunits=secs等、指定すると単位が揃う(^^)
https://t.co/G6x5yYLwLm"
2019-08-03T12:35:52Z,"暑さで、とても調子が悪いです。

大きめの保冷剤を当てて、頑張っています、私のMacbook"
2019-08-03T12:32:42Z,"@YM_DSKR @sk_bono36 ありがとうございます！
私もいろいろ試してみたのですが、どうにもこうにもという感じです…^^;"
2019-08-02T08:38:51Z,"大学windowsPCでRmecabを使うと、どうしても文字化けする(*_*)
帰ってからmacでやろう…"
2019-07-31T03:08:26Z,"エクセルやその他BIツールがメインの業務ではRの導入は効果を発揮しそう
&gt;データ分析のアウトプットがマーケティング領域のレポートであることが多く、アドホックのデータハンドリングのしやすさと、プログラミング未経験者にとっての習得のしやすさの2点でRを選択しました。 https://t.co/BEDcncXyOX"
2019-07-30T07:27:04Z,{prophet}で時刻周期の解析をしていて、結果がなんか感覚と合わないなーと思っていると、元データは日本時のタイムゾーンで読み込んであったのに対して、prophetはモデル作成時にタイムゾーンGMTにするらしく、時差が勝手に調整されていました。危ない危ない(;^_^
2019-07-30T04:42:25Z,すごく時間をかけて、試行錯誤しながらデータを前処理して、今後のために変数名を工夫して、処理を頑張って関数なりにまとめて、さぁいざ解析を始めてみると、わざわざデータでみなくても、普通に考えればそうなるよねという結果になったときに、またやってしまったと思う…
2019-07-29T10:02:41Z,"{lubridate}のfloor_dateは任意の単位で時刻を丸められます。しかも、""hour"" や"" minutes""はもちろん、""2 hour""や""5 minutes""なども指定できるので、自由度が高くて素敵"
2019-07-28T02:04:55Z,"データリテラシーという武器をみにつけた今の方が、データありきの画面とにらめっこで、むしろあの時よりビジネス的な感覚は退化している気がしています…
もう一度あの感覚を思い出しつつ、今の武器を使えるようになろう"
2019-07-28T02:04:55Z,学部時代に半年間行っていた起業塾の資料を改めてみると、あの時はデータドリブンなんてことは一切知らなかったけれど、小さな事業をやりながら、ひたらすらプロトタイプとヒヤリングを繰り返して猪突猛進していたことを思い出した…
2019-07-27T22:34:32Z,"@MITTI12101 同じくです^^;
お仕事中に皆さん見られるのですかね"
2019-07-27T08:20:27Z,"今日は1日中、データの前処理と中身の確認をしています。
いろいろな視点から解析できそうだけども、このまま行ったらデータに埋もれてしまう。
改めて、仮説なき解析の空虚さを心に刻んで臨もう"
2019-07-26T10:02:12Z,freadでここまで時間がかかるのは、初体験だ(*_*)
2019-07-26T08:06:55Z,"もろもろ合わせて40GBぐらいのデータサイズ
読み込み方を間違えるとエラーが…
ここはpythonに切り替えようか迷うな(・・;)"
2019-07-24T00:55:32Z,サイエンス主義者でもあった私によっては、ここ数年で一番衝撃を受けた思想でした。内容に関しては、どんな思想を持つかは個人によるけれど、以前から東洋的な無常や因果の考えは好きだったので、とても腑に落ちたし、とても生きやすくなりました（＾＾） https://t.co/mkByISoYJt
2019-07-23T06:42:58Z,@ill_Identified ありがとうございます。また、今後とも誤り等ありましたら、是非ともご教授頂きたく思います。
2019-07-23T01:05:54Z,@ill_Identified lagを外部変数にしたら、ARを表現できるのでは？と疑問に思っておりました。prohetはその解釈のしやすさやモデリングのしやすが強みとなるのですね。大変勉強になります。ありがとうございます！記事も修正させて頂きます。
2019-07-22T14:24:22Z,"@ill_Identified なるほど…既存手法≒自己回帰項をもつモデル≒確率過程のモデル化という趣旨で書いておりましたが、改めて考えてみるとそれぞれの違う（一部重なる）概念ですね…
そうなるとprophetは自己回帰項を考慮しない変わりに、外部変数や周期を柔軟に取り入れることのできるモデルということでしょうか？"
2019-07-22T14:17:13Z,"先日投稿したprophetの内容について、ご意見を頂きました。""prophetは既存の時系列モデルの概念とは異なるモデル""と書きましたが、以下のように包含するモデルとの理解が正しいです。（そもそも既存のモデルというものをしっかり定義しておりませんでした…）
記事を修正させて頂きます！ https://t.co/uMhIA7C96o"
2019-07-22T12:37:58Z,そして、毎度のことだけれどボスの知識の幅の広さには感服する。
2019-07-22T12:35:57Z,"今日は先日工場見学させて頂いた企業様へ、人間工学の観点から疲労軽減効果の検証に関する施策提案を経験
データの集め方やアウトカムの測定方法など研究デザインの考えを中心にまとめたけれどを、先方が何を目的としているのかを理解する大切さを改めて感じました(^^)
頭では分かっていても難しい…"
2019-07-22T09:32:32Z,"@ill_Identified ご指摘頂きありがとうございます。
浅学の知識ですので、ご教授頂きたいのですが、制約のある状態空間モデルということですが、状態をマルコフ性ではなく、線形と仮定し、システムノイズのない状態空間モデルとの理解あっていますでしょうか？"
2019-07-20T06:26:51Z,"facebookのprophetパッケージを使って、自分のブログアクセス数を予測してみました。個人的には、今まで使った時系列解析パッケージの中で一番使いやすいです(^^)
facebookの時系列解析パッケージ{prophet}を…
https://t.co/gxOmlJM1J5"
2019-07-19T04:36:47Z,"大学で{Nippon}パッケージをインストールしようとしたら、もう既にCRANからなくなっていることに気づいた(;_;
ただ、https://t.co/yMdPqgrYejしか使ってなかったので、内閣府のサイトから祝日のcsvデータを使えば問題なさそう(^^)"
2019-07-18T06:01:25Z,"現在の資本主義の関係、その発展経緯と限界、次の思想への手がかりが書かれていて、まさに観察・実験・数式の世界に生きる私の思考回路は劇的に刺激を受けています(*_*)
そして絶版になっていたのが、今月新たに復刻するようです！嬉しい(^^)
https://t.co/uaYmiMDU2f"
2019-07-18T06:01:24Z,落合陽一さんが好きで、以前から気になっていた「デジタルネイチャー」を読んだ。その本を書くに当たり強く影響を受けたというのが、「デカルトからベイトソンへ」だそう。ちょうど大学の図書館にあったので、手にとって読んでいるけれどデカルト・ベーコンから始まった観察・実験・数式の思想と https://t.co/kwQfwitbEb
2019-07-17T13:23:32Z,facebookの時系列解析パッケージ{prophet}の練習、なんか色々やってくれて、とても良い予感（^^）近々ブログにします。
2019-07-17T08:22:53Z,"昨日は無知をさらけだし、皆様に誤解を与えてしまいました(*_*)
温かくご教授頂き、大変勉強なりました。
ありがとうございますm(__)m https://t.co/EgyfyA5B29"
2019-07-16T15:01:30Z,"@_vol_de_nuit 知ったかぶりをさらけ出してしまい、お恥ずかしい…
大変勉強になりました。"
2019-07-16T13:38:26Z,"@_vol_de_nuit @sankyoh 私は""incidence proportion ratio""と""incidence rate ratio""を混同して考えていたようです。しかし、私もそうなるとハザード比と ""incidence rate ratio ""の違いが分からなってきました。同じものなのか、それともある条件においては同じなるのか....."
2019-07-16T13:10:21Z,@R_ZOSAN リスク比とrate ratioは別の概念なのですね、、、、ありがとうございます！
2019-07-16T12:08:52Z,"@R_ZOSAN なるほど…
それでは、罹患率比や死亡率比のような指標はあるのでしょうか？"
2019-07-16T11:44:32Z,"@_vol_de_nuit こちらも勘違いでしたら、ご指摘ください。
リスク比の算出の際に、暴露と非暴露の罹患率の比を用いる場合は、罹患率の分母が人年になりませんでしょうか？ただ、期間は全員が開始と終了が一緒なので、比の結果には人年でも人でも影響ありませんが…"
2019-07-16T11:33:34Z,"@R_ZOSAN ご指摘ありがとうございます！
リスク比の計算方法として、罹患率の比を計算する場合は、罹患率の分母が人年になりませんか？"
2019-07-16T09:03:11Z,リスク比とオッズ比の説明でよく、行方向と列方向の図が出てくるけれど、リスク比は暴露による死亡率や罹患率の比率であるので、本来は分母が人年であることを書いてある資料は少ないイメージ
2019-07-16T05:59:48Z,"@WB_DataAnalyst 適当なデータでやってみました（笑）すごいですね(*_*)
ありがとうございます！ https://t.co/s9rxCTIwjC"
2019-07-16T00:07:18Z,ggplotのfacet_grid(変数~.)という記法には今まで何度も戸惑ったけど、lm(y~.)と同じだと理解して、やっとしっくり来た。facet_grid(変数~.)はy軸方向に分割され、facet_grid(.~変数)はx軸方向に分割される。
2019-07-15T11:42:51Z,"@MITTI12101 ただ、octaveではそんなに高度な処理はしないので、pythonやRに慣れていればそんなに拒絶反応はなかったです(^^)
コースの中でも簡単なチュートリアルがあります"
2019-07-15T08:08:04Z,@MITTI12101 そうなんですよ^^;そこが少しネックですかね
2019-07-15T06:32:33Z,@MITTI12101 一番多くの時間を割かれているのは、コスト関数と勾配アルゴリズムを使った教師あり学習ですね。クラスタリングや異常検知などの教師なしの単元もあります。その他はモデルの評価法や実装例などですかね。言語はoctaveという言語を使うので、慣れるまで少し時間がかかりました...笑
2019-07-15T01:53:03Z,"courseraの有名なmachine-learnigコース無事に終了しました(^^)学校終わりの平日夜や週末を使って2ヶ月弱かかりましたが、機械学習を0から実装したり、プロジェクトの基本的な進め方が知れたり、色々学ぶことが多かった。これをベースに勉強を進めていこう。
https://t.co/krqpAKsj0h"
2019-07-14T02:26:14Z,"@MITTI12101 医療・介護データは、どこの組織も収集に苦労しているようです...
オープン化によるメリットと個人情報のバランスって難しいですよね^^;"
2019-07-13T23:10:11Z,"@MITTI12101 匿名化して、教師データとしての使用のみであれば、良いような気もしますが…
そのモデルをどこまで汎用させるかにも関係してきそうですね。
院内のみであれば、問題にならなそうです…
ある精神科病院で大量のカルテデータを使って予後不良群をスクリーニングしていると聞いたこともあります。"
2019-07-13T10:50:39Z,@nyubachi ありがとうございます！インクリメント...なるほど、私自身もインクリメントできるよう精進していきます。
2019-07-13T10:48:48Z,想像以上の早さでAIを使った予測ツールが一般化していきますね。私は非エンジニアなので、どこで価値を出していけるか真剣に考えなければ(*_*) https://t.co/flhjVwO41w
2019-07-13T04:38:33Z,"k-meansとk-means++を1から実装してみました。k-means++のアルゴリズムはとても面白いです（^^）
k-meansとk-means++を視覚的に理解する~Pythonにてスクラッチから~ - 医療職からデータサ…
https://t.co/QNgBuNDZDY"
2019-07-12T01:12:43Z,"tidyな時系列解析ができる{fable}のチュートリアル、今度練習してみよう！
https://t.co/lqTHLGC2dt"
2019-07-11T12:26:56Z,"keynoteでのLatexの挿入、とても使いやすい(*_*)
大きさとかフォントの調整も簡単"
2019-07-10T05:32:52Z,ただやはり、fread{data.table}は手放せない
2019-07-10T04:02:05Z,500MB以上のcsvとなると、Rはとても遅くなってしまうの、read_csvにn_maxを指定して、少しづつ読み込んでは処理をして、removeするとサクサク進む(^^)
2019-07-08T13:39:18Z,@Terry37245110 ほんとにその通りだと思います。結局は、どちらを使うべきかと言うより、目的を達成するためにはどちらが適しているかということが大事ですね^^;
2019-07-07T23:38:41Z,@Atsushi776 @niszet0 そんな書き方が…！ありがとうございますm(__)m
2019-07-07T13:29:49Z,"尽きることないRvsPythonの議論ですが、統計解析の観点から比べてみました。いちRユーザーとしては、R一択だと思っていましたが、さすがPythonです。
R vs Python：統計するならどっちいいの？ - 医療職からデータ…
https://t.co/rq9yDx4nLc"
2019-07-04T12:02:13Z,"@taberuhanasu 最近は少しペースが落ち気味ですが…^_^;
そう言っていただけるとほんとに嬉しいです(^^)"
2019-07-04T08:31:53Z,"そういえば、この前の記事がちょうど50本目でした。半年で50本、1週間に2本のペースで書いていることになるけれど、1記事あたり内容のインプットも含めて5〜10時間ぐらいかかるので、週に20時間弱は時間を割いているという計算になる。
最近は記事を書く義務化のようなものが芽生えてきました^^;"
2019-07-03T10:26:57Z,"とてもシンプルなディープラーニング モデルを作ってみました。バックプロバゲーションを実装できてこそなので、次回はそちらを書いていきます(^^)
PythonとRで学ぶ一番シンプルなディープラーニング - 医療職からデータサイエンテ…
https://t.co/cLbu8N8Rfz"
2019-07-03T08:10:44Z,"tidyverseの存在を知ったのは、Rを使いはじめて5ヶ月ぐらいたった後でした。

もっと早くに知っていれば…という思いはあるけれど、ひたすらbaseの機能とfor、ifを駆使して、データと闘ったあの時の経験は、随所で役に立っているので良しとします。"
2019-07-02T23:55:13Z,"twitterのタイムラインで流れてきた気になる論文や記事をはいつも、後から読むために、目に止まりやすいホーム画面に追加している。

気づけばホーム画面がアイコンで埋まる。"
2019-07-01T08:34:49Z,"修論に向けてデータが集まってきた。前回は、手探り状態でデータの加工と解析をして、後の再解析で膨大な時間を費やしたのを反省して、

・処理はmarkdown形式で残す
・目視での加工はしない
・パイプを使って可読性を良くする
・シンプルなアルゴリズムを使う

を意識して丁寧にやっていこう。"
2019-06-30T02:53:13Z,機械学習では、ロジスティック回帰のような線形関係しか表現できないモデルはほとんど使われない。しかし、統計では王道のテクニック。もしかすると、どうあがいても線形関係ではない図のような問題を無理やりモデル化しているのではと思うと、モデルの選択の重要性が身にしみる https://t.co/TmcxUMIAWU
2019-06-29T02:54:05Z,"前回に引き続き、最急降下法を使ったロジスティック回帰モデルをスクラッチから書いてみました。 #はてなブログ
初歩からの機械学習:ロジスティック回帰~PythonとRでスクラッチから~ - 医療職からデータサイエンティストへ
https://t.co/qhAHTXM5C2"
2019-06-28T12:44:18Z,"内定先の同期や先輩方と学部時代の研究の話をしていて、周りが「統計数理モデルの〜」とか「機械学習アルゴリズムが〜」とか、「素粒子が〜」とかの話題で盛り上がる中、「ネズミの膝関節が〜」の話題は言い出せなかった
改めて自分が進む世界を認識できました"
2019-06-26T03:38:07Z,"jinzの瞬きデータ、kinectのモーションキャプチャー、ウェアラブルウォッチの心拍データ、スマホの加速度データ…etc
ボスが新しい物好きなおかげで、人体計測に関するデータをいろいろさわれて楽しい(^^)

今の時代、市販の機器でもかなり精度の良いデータが取れることに感謝ですなー"
2019-06-25T03:56:09Z,"Pythonを使い始めたときにつまずいたのはnumpyのarrayとpandasのseriesやdataframeとの挙動の違い…
というより今でもつまずきます(*_*)
機械学習のモデルを作るときにエラーになりがち"
2019-06-24T09:20:56Z,Rのread_csvは、速さと読み込み型指定などの扱いやすさを兼ね備えているけれども、大きなセンサーデータには、爆速なfreadはが手放せない
2019-06-22T00:48:32Z,"因果推論のDoubly robustなモデルのTMLEについて、こちらの論文もRのコード付きで、理論を1から説明してくれています。理解を深めていこう..
https://t.co/qccHNRySoM"
2019-06-21T07:31:37Z,@_vol_de_nuit あの時に思い違えたのは、幸運でした笑
2019-06-21T05:09:19Z,"大学院に入学した時、教授に統計ソフトは何を使ったら良いかを聞いたら、""R""と言われた。あの時にRを使うことを勧められなかったら、今はもっと苦労していただろう。

教授が言っていたのが""EZR""であったことが判明したのは、しばらく後のことだったけども…"
2019-06-19T02:56:23Z,こちらの論文を読ませて頂きました。gcomputatin(standardization)とIPWのハイブリッドで、どちらかのモデルがあっていればいいというdoubly robustなTMLEは、とても興味深い(*_*)さらに機械学習を用いたSuper learningについても書かれていて、Rのコードもついているという豪華さ https://t.co/sTXN4Fi8TS
2019-06-18T11:49:37Z,施策がどれぐらい経営指標にインパクトを与えるのかというのは、本質的にはタバコを吸ったらどれぐらいガンになりやすいかということを明らかにするのと思考回路は違わない気がする
2019-06-18T11:44:45Z,とてもプロダクトアウト的な考えかもしれないけど、疫学や社会科学で使われる統計的な因果推論の考え方って、ビジネスでKPIを決めるのに、とてつもなく役に立つのではないか(*_*)
2019-06-18T04:12:06Z,"複数のcsvを一気に読み込んで、データフレームにするとき、
・list.files、str _subset、正規表現で目的のファイル名を取得
・map_dfにfunctionの中にread_csvとmutateで変数の加工
これをパイプで繋げると、ファイルの読み込みとデータフレームの処理が一気に終わるので快感"
2019-06-17T12:24:14Z,@_vol_de_nuit 私も改めて、Rのダミー変数の意義について考えることができました。今後とも情報を共有いただけると幸いですm(__)m
2019-06-17T03:23:16Z,"@_vol_de_nuit 個人的な使用パターンとしては、
・相関係数の計算
・混合モデルの際の変数の中心化
・主成分分析や因子解析
・（ダミー変数では議論がありますが）標準化偏回帰係数の計算
・変数の標準化
・調整済み平均値の算出
などです。特に必要がなければ、好みの問題かと思います^^;"
2019-06-17T02:09:15Z,@_vol_de_nuit Rの線形回帰モデル関数では、少なくもと私が確認する限り、factor型になっていれば、自動でダミー変数化した結果を出力してくれているので、目的変数がfactorの場合は解釈に合わせてダミー変数を作成しますが、共変量であれば問題ないかと思います！
2019-06-16T11:27:49Z,@MITTI12101 そうなのですか！Pythonのjupyter notebookでもインタラクティブな解析ができますが、特に統計を中心に解析をするには、細かな設定や出力結果の見やすさからはRが優勢ですかね^^;
2019-06-16T07:53:06Z,@physiokeita ブログをご高覧頂きありがとうございます(^^)。記事をお役に立てていただき大変光栄です。この2冊が山本様にとって学びの助けになることを願っております。。
2019-06-16T07:26:46Z,"@_vol_de_nuit いつもTweet拝見させて頂いてます(^^)ブログをご高覧頂き光栄です！
私もまだまだ未熟ですが、少しでも何かのお役に立てて頂けば幸いです。今後もよろしくお願いいたしますm(__)m"
2019-06-16T02:43:08Z,"最近Pythonに慣れ始めて感じることは、やっぱりPythonは何かに組み込んで使うプログラミング言語感が強いように感じます。インタラクティブにデータ解析を行うには、Rの方が使いやすい^^;
よく言われる機械学習はPython、統計はRといわれる所以はこの辺りにあるのかな https://t.co/ApebpzmXKd"
2019-06-14T13:57:57Z,"機械学習の勉強、やり始めると止まらない！
統計と機械学習は似ているようで、考え方とか前提条件とか違ってて、どちらも奥深い(*_*)
ある程度理論をやったら、Kaggleで実践を積もうか"
2019-06-14T13:17:32Z,"最急降下法について少し丁寧にまとめてみました。大枠は知っていても自分でいざ実装してみると色々勉強になります。
初歩からの機械学習：最急降下法による重回帰モデル～PythonとRでスクラッチから～ - 医療職からデータサイエンティス…
https://t.co/54xtJzEYKa"
2019-06-13T09:01:37Z,重回帰やロジスティックを最急降下法を使って、スクラッチから書いてみると、ベクトル化の考え方も自然に身につくので、楽しい(^^)
2019-06-10T08:14:10Z,"最近Rで大きなセンサーデータを扱うようになってから、処理の速さを意識するようになりました。
グローバル環境にある変数をremoveで適宜削除をする処理を加えると、処理が速くなることに気づいたのが今日の収穫(^^)"
2019-06-09T09:52:13Z,"今の私は、とりあえずデータサイエンスと関わりのありそうなスキルをただ網羅的に学んでいます。おそらく、実務で使わないものも多い気がするし、すべてを覚えておくことはできません…
ただ、例え無駄でもひたすら学び続けたいと思う今日この頃です。"
2019-06-08T07:47:26Z,"機械学習関連はまだまだ知識不足のため、記事を書くのに時間がかかります。頑張ろう...間違い等ありましたら、ご指摘くださいm(__)m
初歩から学ぶ機械学習〜ベイズ識別規則と混同行列〜 - 医療職からデータサイエンティストへ
https://t.co/CMlL88bZ1q"
2019-06-08T07:41:46Z,@MITTI12101 有病率が鍵なのですね！ありがとうございます！もう少し自分なりに整理してみます。
2019-06-08T03:05:09Z,"感度と特異度はトレードオフの関係、適合率と再現率もトレードオフの関係、感度と再現率の計算方法は同じ…
この4つの関係性がどうもしっくりこない
頭がこんがらがってきます(*_*)"
2019-06-04T08:34:16Z,Rのデータの可視化にはもちろんggplot2が便利ですが、探索的な解析時にbaseの可視化関数はいろいろ1行で済むので便利（な時もある）
2019-06-03T08:23:45Z,"自分の研究結果を支持する先行研究を探していると、その研究の質がどうであれ、結果さえ自分の研究とあっていればいいや思ってきてしまう。
しかも、こじつけでもいいから、どうやったらDisscussionで相手を論破できるか考えてしまう。
これは研究初学者の証拠か…(*_*)"
2019-06-02T00:28:05Z,"初心に戻り、私が参考書を読み漁っていた統計学学び始めの頃に、読んで感動した4冊の書籍をまとめました。統計を学び始めの方や、統計リテラシーを身に付けたい方向けです(^ ^)
ビジネスで統計を使うことになったら読むべき統計本のすすめ …
https://t.co/qdnF14ZhD9"
2019-06-01T00:04:34Z,"Rで繰り返し処理をする時（Rに限らず）、データフレームをベクトル化すると驚くほど高速になる。
ただ、可読性が悪くなるので、後から見たときに困ることもあります…^^;"
2019-05-30T10:21:37Z,"今年の1月から始めたブログですが、本日1万PVになりました(^^)
先日の記事も、いろいろな方から反応を頂き、大変光栄です。
ベクトルも微積も確率も分からず、データサイエンスなど聞いたこともなかった1年前からは想像もつきません。
今後もよろしくお願いします(^^)

https://t.co/C41GYzEoZZ"
2019-05-29T08:49:52Z,自動で時系列を解析してくれるらしいです。Rにもこんなのあるんですね(・o・)今度使ってみます。 https://t.co/OGaZidGTRB @Rbloggers
2019-05-28T11:57:20Z,"ちなみにその資料というのはこちらです。解説がとても丁寧、しかも、RやPythonその他の解析コード付きで逸脱していました。
https://t.co/UzD6bNAhaZ"
2019-05-28T11:54:36Z,effect modificationとinteractionについて、私もハーバード公開の資料を読んでいる時????ってなりました。少なくともの日本の資料でこれを区別しているものはみたことがないのなおさら。コメントされているように用語の議論は本質ではないかもしれませんが、とてもスッキリしました(^ ^) https://t.co/YT9ZmDvpfl
2019-05-27T23:02:32Z,大学で、ビジネスよりのデータサイエンスが学べるのはすごい！MUSYCでもこんな感じのことをやっているのでしょうか https://t.co/AdlHROrna7
2019-05-26T09:14:27Z,"主成分分析を用いて、""完全食""を探してみました笑
主成分分析は何かと使えるので、便利ですね(^ ^)
RとPythonによる主成分分析〜忙しい人のための完全食を探す〜 - 医療職からデータサイエンティストへ
https://t.co/POrjQpEH1h"
2019-05-26T08:14:13Z,@MITTI12101 ありがとうございます！しばらくはPT業界から離れますが、いつかどこかで還元できればと思っています(^ ^)
2019-05-25T11:49:47Z,"@haru_reha ハルさん、ありがとうございます！入学当初、ハルさんのブログをみて学ばさせて頂き、勉強の励みになりましたm(__)m
今後ともよろしくお願いします！"
2019-05-25T01:24:04Z,"データサイエンティストのキャリアを中心とした情報発信メディアである""データアナリティクスの部屋""で、畏れ多くも私の事について書かせて頂きました。今後もサポーターとして記事を書かせて頂きます！ https://t.co/yL3Kzn0cBs"
2019-05-23T13:54:32Z,"#データアナリティクスの部屋 #データサイエンティスト #データサイエンス #データ分析 #ちんチャンネル
AI系Youtuberのちんチャンネル(@sai_tensai)さんよりAI/機械学習エンジニアとして必要な素養についてお聞きしました。以下リンクよりご視聴ください。
https://t.co/cKGNA6PHRp"
2019-05-20T10:33:51Z,統計学に関して興味のあった分野を一通り学んだので、今後は機械学習の方にも着手していきます(^ ^)時系列の後に因果推論にはまってしまいましたが、一応予定通り！ブログも機械学習関連の記事が多くなるかもしれませんので、よろしくお願いします https://t.co/Q9Zb80w0R0
2019-05-20T07:47:20Z,"主成分分析と因子分析について、いろいろ読んだ結果、これが1番分かりやすかった(*_*)
https://t.co/pcI3rchEvU"
2019-05-19T07:33:25Z,"{ggfortify}のautplotいろんなパッケージに対応していて、感動しました。なぜもっと早く使わなかったのだろう(*_*) 
https://t.co/XAxDM1FZKB"
2019-05-18T13:57:24Z,"生存解析はあまり知らなかったけど、応用範囲は広そうです(^ ^)もう少し柔軟なモデルも作りたいですね
生存解析のすヽめ：カプランマイヤー法とコックス比例ハザードモデル - 医療職からデータサイエンティストへ
https://t.co/bJpSqLcJW9"
2019-05-16T08:25:29Z,統計学が反実仮想に対して、母集団を推定した結果を使うのに対して、Countetfuctual MLは個別のサンプルごとに反実仮想を予測するという解釈でしょうか
2019-05-16T08:21:42Z,"Counterfactual MLは住宅価格の例を引き合いに出すと、
""もしこの部屋の広さがXm大きくなれば、Y円高くなる""
というモデルを、MLで予測したYと説明変数からなる損失関数を使って計算するということなのかな
https://t.co/jKw6J6FbMW"
2019-05-15T23:25:37Z,"変動ありますが、以下KWでyoutube1位獲得
「ITコンサルタント」「ITコンサル」「データサイエンス」「データサイエンティスト」当初ITキャリアのメディアを考えていましたが、データ分析に特化します。引き続き動画挙げますが、私よりも優秀な方に技術の話をしてもらいます。まだ弱小ですが頑張ります! https://t.co/jdpPBbvTKx"
2019-05-15T09:48:17Z,@taberuhanasu そうなんですね！共有頂きありがとうございます(^^)
2019-05-15T09:10:45Z,@taberuhanasu 興味あります！詳細ページなど教えて頂けないでしょうか？
2019-05-14T11:22:12Z,"@88rxyxo はい！
よろしければ、私のブログでも書評、感想など書いていますので、ご参考になれば幸いです(^^)　
https://t.co/HrrGbJRCI8"
2019-05-14T10:15:32Z,"幾何分布、超幾何分布、負の二項分布、このあたりがごっちゃになっていたけど、

・ベルヌーイ試行で始めて成功するまでの回数→幾何分布
・幾何分布で成功回数を2回以上にしたとき→負の二項分布
・二項分布で非復元抽出した場合→超幾何分布

整理してみると案外理解できます(^^)"
2019-05-14T09:54:10Z,"@88rxyxo あとはカルマンフィルタはありませんが、わかりやすさで言えば「現場ですぐ使える時系列データ分析 ~データサイエンティストのための基礎知識~」がいいかと思われます。
私個人の見解ですが…^^;"
2019-05-14T09:52:23Z,@88rxyxo 有名なところだと「時系列分析と状態空間モデルの基礎: RとStanで学ぶ理論と実装」がおそらく時系列全般とカルマンフィルタを網羅的に学ぶには1番分かりやすいと思います(^^)もう少し踏み込んだ内容であれば、「基礎からわかる時系列分析 ―Rで実践するカルマンフィルタ」ですかね。
2019-05-13T08:11:14Z,"Box-Jenkins法による、時系列の1番ベーシックな解析法が分かりやすくまとまってます！　
不均一分散を考慮した状態空間とかを使ったら予測精度は上がったりするのかな https://t.co/MZDKmNAEF3"
2019-05-12T02:27:47Z,"最近は応用的な手法を多めに学んでいたので、この土日を使ってもう一度読み直しています。
半年前は赤色で撃沈しましたが、とりあえず昨日で赤色は攻略できました(^^)
改めて読んでみると、多くの方が推薦されている理由がよく分かりました。
緑、青も読み進めます。 https://t.co/CvlmgdtSbm"
2019-05-11T10:48:26Z,@yusuharanikki ありがとうございます！今後ともよろしくお願い致します。
2019-05-11T07:32:13Z,こういう風に言って頂ける方がいるとモチベーションになります(^ ^) https://t.co/MOFmaexvca
2019-05-11T07:30:50Z,"@MITTI12101 お役に立てて頂けて光栄です！
まだまだ学習中ですので、気になる点などありましたらご教授くださいm(_ _)m"
2019-05-11T01:44:16Z,"傾向スコアを使った解析手法その2です。今回もRとpythonの両方で解析を行いました。
集団全体への介入効果を推定するStandardizationとIPWの実力〜RとPythonにて〜 - 医療職からデータサイエンティストへ
https://t.co/HYXYLwEELB"
2019-05-10T08:26:35Z,"GWに気になっていた状態空間モデルの書籍を読み漁り、その中でも特に分かりやすいと感じた書籍をまとめました。この他にもおすすめがあれば是非とも教えて頂ける幸いです。
状態空間モデルを最短で学ぶためのおすすめ参考書 - 医療職からデー…
https://t.co/J4bYUJ9eog"
2019-05-09T09:17:11Z,ダミー変数変換、pythonだった一発でできるのにとストレス感じてましたが、これ使えばストレス解消されそう！ https://t.co/mZBkLCBF0n
2019-05-08T00:43:19Z,"私も読ませて頂きました。エンジニアリングスキルは必要だと分かってはいるものの、他領域からシフトしてきた自分のような人間にとってはかなり酷…
どこを強化して、どんなキャリアを目指すのか、まさにRPGのスキル割振りのよう。ただ、今はひたすらレベル上げをする時期か https://t.co/e7vdTxdPpc"
2019-05-06T00:56:03Z,"ゴールデンウィークは、いろいろじっくり勉強できていい休みだった(^^)
時間あるんだから遊べば？と言われることもあるけど、奨学金借りて、税金で授業料も免除してもらっていて、それでも尚遊ぶなんて畏れ多い
そもそも勉強が目的じゃなかったら、普通に理学療法士として働いている"
2019-05-05T09:59:04Z,"GWも残り1日、以前から興味のあった傾向スコアについて書いてみました。今回は慣れないpythonコード付きです^^;
因果推論の王道テクニック”傾向スコア”を丁寧に考えてみる~RとPythonにて~ - 医療職からデータサイエンテ…
https://t.co/WW10D33L81"
2019-05-01T08:43:49Z,"英語のネイティブは、頭の中で日本語に訳さず、英語のまま理解しています。であれば、数式のまま意味を理解できる人を数学ネイティブと呼べるような気がしています。
数学ネイティブになりたい…"
2019-05-01T02:40:58Z,"令和初日、状態空間（主にカルマンフィルター ）とベイズの関連を学んだのでまとめてみました。令和が良い年になりますように
ベイズで考える状態空間モデル - 医療職からデータサイエンティストへ
https://t.co/JprPqqyng9"
2019-04-30T01:38:15Z,"dplyrの処理をSQLの構文に変換してくれるらしいです。
いつかSQLも勉強しないとって思ってたので、お世話になりそう^^ https://t.co/cSBwOjv6TI"
2019-04-28T04:58:34Z,数学を避けていたとは言っても、ベクトルやら行列やらの存在は知っていたので食らいつくことができましたが、存在すら知らなかったらどうなることか…
2019-04-28T04:57:06Z,"最尤法での信頼区間を求める方法、やっと理解できた…
数学を避けて生きてきた身なので、
スコア関数、フィッシャー情報量、ヘッセ行列、偏微分、逆行列etcを一言一句調べながらです^^;"
2019-04-27T06:16:36Z,"時系列で周期変動を確認するには、自己相関をみていましたが、トレンドがあると埋もれがちです。それに比べ、周波数解析であれば、前処理しなくても周期がみれるのでスマートでいいですね。
”AirPassengerデータのスペクトラムとコレログラム” https://t.co/yKEjb6jT9i"
2019-04-26T12:44:54Z,"昨日の欠測データに関するツイートに関しては、こちらを参考にさせて頂いています。欠測のメカニズムや、代入アルゴリズム理論、実践応用もとてもわかりやすい。欠測データの扱いを学ぶには最適です(^ ^)
""欠測データ処理: Rによる単一代入法と多重代入法""  
https://t.co/zE1kj0Kvp4"
2019-04-25T14:23:06Z,@nyker_goto 欠損カテゴリーにするのですね。統計では検定を行うために欠損のバラツキや不確実性を考慮して補完する必要がありますが、機械学習では予測が目的であるため、そこまで考慮はされないのかもしれません。穴埋めの方法によって予測精度がどれほど変化するのかもケースバイケースですもんね。
2019-04-25T13:21:47Z,"@nyker_goto なるほど...
GBDTではいくつかの変数を使って、決定木を複数作成していくアルゴリズムであると理解していますが、欠損の補完をせずにそのまま予測モデルとして使えるということでしょうか？"
2019-04-25T11:26:10Z,機械学習では、平均値補完や単一代入をよく見かけますが、予測の精度が目的であれば、問題ないのでしょうか
2019-04-25T11:24:01Z,"欠損データの補完は奥深い(^^)
欠損を機械学習させて精度の良い値を埋めるとかも良いかなとおもっていたけれど、欠損の分布を再現して母集団を推定するという考えに基づけば、機械学習では不十分なのか"
2019-04-24T10:32:18Z,なんらかのパラメーターをもつモデルを仮定するかどうか、ぐらいのざっくりとした理解の方が、いろいろとしっくりきます^^;
2019-04-24T10:27:38Z,パラメトリックのノンパラメトリックの違いついて、統計学びはじめの頃に正規分布かそうではないか、と理解していたことで、一般化線形モデルを学ぶときにどれほど苦しんだことか…
2019-04-23T13:08:53Z,"Rのstingrやlubridateの出番はいつも忘れた頃にやってきます。そんな時はどこに何が書いてあるのか一瞬でわかるので、大抵自分のブログを参照します笑
学んだことをまとめておくのは大事ですね"
2019-04-22T11:11:00Z,データ収集法を含む研究計画作成、センサーデータやモーションキャプチャーデータの加工、質問表の入力、前処理、解析、解析結果の発表などなど大学院では本当にいろいろやらせてもらって楽しい(^^)
2019-04-21T12:09:26Z,"少し前の記事ですが、因果推論と機械学習関連の話題です。ロボットが反事実を話し始めたら、自由意志を持ち始めた証拠であるというのは、とても興味深い
To Build Truly Intelligent Machines, Teach Them Cause and Effect https://t.co/TWQHeYzjvM @QuantaMagazineさんから"
2019-04-21T05:18:42Z,"因果推論においての回帰分析がどんな意味を持つのかを、自分の考えをまとめるのも兼ねて書いてみました。少しややこしいですが、興味のある方はお付き合いください。
因果推論の基本テクニック、回帰分析は何を意味するのか - 医療職からデータ…
https://t.co/kI3uo4V5nb"
2019-04-19T23:43:13Z,"企業に守られる文化も終わりそうです。何を価値とするのかはそれぞれなので、ライフを守るため、ワークが守られる働き方もよいと思うけど、少なくとも年功序列でスキルが無視されるのは嫌ですね

経団連会長“終身雇用を続けるのは難しい”｜NNNニュース https://t.co/eOlneRVLhd"
2019-04-19T11:22:29Z,"社会にでれば、今より確実に自由な時間は減り、一見すると無駄だけど実は大事みたいなことを学ぶ意欲もなくるし、年をとれば生存本能かのように既存の思考回路を強化し、新しいことが入りにくくなる。

学生時代は遊んだほうがいいというのは、どこの誰が言ったのでしょうか"
2019-04-15T06:21:25Z,"データのバイアスが引き起こす問題や、DAGsを使ったバイアスの特定方法についてまとめてみました。ビジネスの世界でも一歩間違えるととても危険かもしれません。
タバコを吸うほど健康になる？必ず確認すべきデータのバイアス - 医療職から…
https://t.co/D0VPxz2IaA"
2019-04-12T10:17:56Z,"重回帰一つとっても、変数を投入するということが、どんな前提に基づいていて、どんなデータの解釈になるのかというところはとても奥深い

そろそろ機械学習をやり始めようかと思ったけど、因果推論の沼にはまっています^_^;"
2019-04-12T07:28:35Z,@koro485 やはり、ドメインの知識とそれぞれのモデルの前提から結果を解釈することが大事なんですね。marginal effect とconditional effectを区別している方は少ないように思います。大変勉強になりました。ありがとうございます。
2019-04-11T06:07:22Z,"@koro485 大変興味深く読ませて頂きました！
本論文のように、交絡因子の層によってアウトカムへの影響が異なる場合は多変量回帰の前提にあてはまらないと思うのですが、multivariable regressionを使う場合もあるのでしょうか？"
2019-04-10T07:53:10Z,"様々や解析手法を学べば学ぶほど、ビックデータを前したとき、そのデータがすべてであるかのように仮説なき解析をしてしまいます…
自戒を込めて https://t.co/XXZgkqE90m"
2019-04-08T08:37:54Z,"修士課程プログレス発表無事に終わったー
やはり医療畑だけあって、データの解析手法よりも、結果の解釈とか社会的な意義とか指摘が多かったですね

残り一年も気合入れていきます"
2019-04-01T09:59:04Z,@minAt_p 酒も確かに甘みや旨みを出してくれますね。ただ、市販の料理酒は塩分が多いので、使うなら日本酒ですかね^^;
2019-03-31T15:36:50Z,@Specialized_LM 確かにありですね！
2019-03-31T10:53:11Z,"スパイスやハーブを使える地中海料理と比べて、和食は塩の代わりに使える調味料がだしぐらいしか思いつかない....魚や野菜中心の和食に、塩の代わりになる新たな調味料が加われば、世界に通用する健康食になりそうですけど
良いアイデアはないですかね"
2019-03-30T10:27:18Z,"ビジネスにもきっと使える因果推論テクニックの基本事項についてまとめました。実はこの辺りを大学院ではやっていたりします^ ^
因果推論の基本事項〜広告をみたから商品を買ったのか？それとも....〜 - 医療職からデータサイエンティス…
https://t.co/nK7zHXrsmQ"
2019-03-29T23:47:29Z,"時系列関連記事を書く上で参考にさせて頂いた書籍、サイトまとめ記事です。時系列の基礎を知りたいという方は参考にしてみてください。
時系列解析の基礎をさっくりorがっつり学びたい人へオススメする書籍+サイト・ブログ - 医療職からデー…
https://t.co/yGJmQFBYww"
2019-03-29T10:15:33Z,"時系列モデルを作るときに前提とされる条件を調べるために必要な、単位根や共和分についてまとめてみました。次は状態空間モデルへと進みます。
じっくり学ぶ時系列解析~見せかけにだまされない編~ - 医療職からデータサイエンティストへ
https://t.co/VquhHt1L4v"
2019-03-28T08:09:44Z,"論文修正、修論のための研究計画、救急隊員の疲労調査等々、やるべきことがいったん落ち着いてきたため、ハーバードHPのエビデンスに基づく健康食についての記事を読み漁ってしまいまいた（* *）
レシピもあって、面白いです。
https://t.co/2SAlqw5wtN"
2019-03-28T02:39:30Z,エビデンスにもとづく健康な食事は実はとてもシンプル。メディアももう少し情報の取捨選択をしてほしいです。
2019-03-26T12:01:28Z,"@koro485 さんのブログも最初は理解が追いつかなかったですが、 今ではスッと入ってきます(^ ^)（勝手にシェアしてすみません...）
https://t.co/uIgydm2Kq8"
2019-03-26T11:50:49Z,"受講終了しました！因果推論に関して、自分がいかに浅はかだったか思い知ることができたコースでした^^;
特にMediation analysisについては、もっと勉強したい。日本語のレファレンスが少ないので、原著を買うべきか悩みどころ...
https://t.co/kSXuaJWvCI"
2019-03-24T10:03:26Z,単位根検定で、AR過程の係数が1 or 1未満の話しか出てこなくて、何で1を超えた話は出てこないんだと思ってシミュレーションしてみたら、係数が1を超えるとこんな感じになるからなんですね。よく考えたら、複利みたいに指数関数的に増加するのは当たり前だ(*_*) https://t.co/dasCz1S7uj
2019-03-24T04:29:04Z,https://t.co/wydcBYIQDo
2019-03-23T11:28:28Z,"多変量解析についてまとめてみました。多変量時系列モデルはグレンジャー因果性やインパルス応答関数を使って変数の動的な関係性を見ることができるのがいいですね。
じっくり学ぶ時系列解析~多変量時系列解析VAR編~ - 医療職からデータサ…
https://t.co/kkzkZUYptH"
2019-03-23T00:29:29Z,"古株の研究者には商用の統計ソフトにこだわる人も多い
仮説と解析の方向性が決まっている場合には良いかもしれないけど、解析の再現性を確保することが難しいし、同じ処理や結果の出力はめんどくさい
やっぱり、R、Pythonは必要だな"
2019-03-22T10:59:43Z,"この時系列のセミナー受けに行きたかった…
資料がとてもわかりやすい
これをみて勉強します。 https://t.co/xAIcY7uiGh"
2019-03-21T02:54:13Z,"Natureから「統計的有意性」に固執するのをやめようというコメントがオンライン公開されました。世界52カ国、854名からの賛同のサインも公開。

p値自体の価値を否定するものではなく、p &lt; 0.05 or notという２カテゴリーに分類してしまうことが問題であると指摘しています。
https://t.co/848uEsihh0"
2019-03-21T01:52:18Z,"ARIMAでの予測と季節調整について書いました！次回からは多変量時系列解析に入っていく予定です。
じっくり学ぶ時系列解析~ARIMAの予測と季節調整SARIMA編~ - 医療職からデータサイエンティストへ
https://t.co/Ob2dFZr0jA"
2019-03-21T00:50:51Z,"昨年の米国は、好景気に加え法人減税も相まって、とても好調でした。しかし、減税は一度きりのワンショットであり、対中の貿易摩擦などの不透明感もあるため今年は維持or利下げの可能性もありですね。昨年からイールドカーブもフラットに近かったですし

https://t.co/iR1Cb7HWXz"
2019-03-17T05:50:08Z,"私の研究室でも妊娠期のある要因への暴露と子供の疾患の関係を調査する際に、出生体重を交絡要因として調整している人をよく見かけます。出生体重とアウトカムが因果関係にない時にこれをやってしまうとまずいんですね...
https://t.co/PNemZaZOrn"
2019-03-16T11:46:04Z,"時系列解析基礎編として、前処理方法からARIMA過程、モデルの同定方法までをまとめました。次回からは時系列データの予測に進んでいく予定です(^ ^)
じっくり学ぶ時系列解析~基礎編~ - 医療職からデータサイエンティストへ
https://t.co/axgZNmLC9e"
2019-03-15T11:27:06Z,論文抄読でベイズ統計を使った解析をしている論文が発表されました。ベイズ信用区間を信頼区間と勘違いしていて、２群の差が0をまたいでいるから有意ではないはずだという議論がなされ、医学の世界のp値主義は根深いと思いました。
2019-03-13T07:27:25Z,"Pythonで時系列解析を学ぶにはこれが良さそう。時系列以外のコンテンツも豊富(^^)
https://t.co/m1dgR40C3F"
2019-03-12T09:40:43Z,"これから数回に分けて時系列解析について書いていきます。今回は準備編ということで、目的や基礎用語をまとめました。次回から少しずつ実践的な内容にしていきます。
じっくり学ぶ時系列解析~準備編~ - 医療職からデータサイエンティストへ
https://t.co/kV1dW4pvxT"
2019-03-08T08:36:20Z,"時系列解析を""いかにもっともらしい確率過程を見つけ出すか""という課題に置き換えてみたら、スッキリと理解ができました"
2019-03-04T14:13:15Z,だいぶ時系列のインプットが進んだので、そろそろ記事としてアウトプットしていきます(^^)
2019-03-03T12:38:35Z,"共和分の理解が進んできました(^^)

理論上は名目金利（国債の利率）とインフレ率が共和分になるはずだけど、おそらくバブル崩壊後の日本のデータだと名目金利とインフレ率は共和分にならないような
今度やってみよう"
2019-03-03T01:48:03Z,"Rで複数グラフを描画する時、gridExtraはいちいち変数に格納するの必要があってめんどうだったけど、patchworkは＋でどんどん繋げられるので、使いやすい！
#rstats"
2019-03-02T12:54:06Z,"@R_ZOSAN ですよね(^^)
あの頃の数学はただ数式の羅列にしか見えなかったです…

統計や機械学習のおかげで、数学アレルギーがおさまったみたいです"
2019-03-02T04:57:17Z,"高校の頃、数学は大嫌いだったけど、物理は好きだった

今思うとそれは、現実世界と数学の数式がリンクしていなかったからだと思う

だから玉がころがったり、箱がすべる物理は好きだったんだと

今は、誤差が逆向きに伝わったり、因果を想像したりできる数学を面白いと感じます"
2019-02-28T13:19:51Z,"短めのエントリーですが、何かと使えると便利な正規表現についてまとめました。やっとまともに正規表現が使えるようになりました。
正規表現をそろそろ始めようか - 医療職からデータサイエンティストへ
https://t.co/YaZb7HHVw8"
2019-02-28T09:23:21Z,AR過程で特性方程式の解の大きさがすべて1未満だと普通のAR過程、1つでも1があれば単位根過程、それじゃあ、1より大きい場合は……？
2019-02-28T09:19:45Z,"時系列のAR、MA、ARMA、ARIMA過程は理解してきました！

ただ、単位根過程と共和分がイメージしにくい…"
2019-02-27T09:24:29Z,"多くの統計ソフトはデータセットがどんなでもそれっぽく結果が出てしまいます。

勝手にコンプリートケースでやっちゃうので、欠損値処理はほんとに大事ですね… https://t.co/MwcrVQNwyx"
2019-02-26T09:11:09Z,"医療データに対するR、Python活用の記事

勉強になります。

そしてこのRisk Calculatorsって凄すぎます！

https://t.co/VXKqjpkE2f"
2019-02-25T09:04:54Z,"Major revision論文の修正、解析再現性の大切さを思い知りました…
#Rmarkdown"
2019-02-25T05:49:58Z,"どんなに高度な解析手法でも、目的がなければ自己満足になってしまう。

解析プロセスのマネジメント、データ翻訳と発信は、情報系ではなく社会医学を学んでいる私にとっての強みにしたいですね https://t.co/7VjuUl3kbp"
2019-02-24T11:55:25Z,"csvなどのファイル読み込みをストレスなく行いたい方、是非{readr}を使ってみてください。 #rstat #tidyverse #readr
データの読み込みは{readr}にお任せを - 医療職からデータサイエンティストへ
https://t.co/f41IAYt0PN"
2019-02-24T06:58:27Z,"時系列を勉強すると、階層ベイズ、マルチレベル分析の理解も深まります

思わぬところで知識が出会うときが、1番楽しい"
2019-02-24T04:37:46Z,"先月投稿した論文が、Major revisionになって返ってきました…

月曜から頑張ろう"
2019-02-23T00:49:26Z,"AICって何かよく分からないけど、良さげな変数、モデルを選んでくれる指標だと思っている方、要注意です！ #AIC #モデル選択
AICとは？その正体に迫る - 医療職からデータサイエンティストへ
https://t.co/EmOXv8dElL"
2019-02-22T08:51:06Z,"この@nutrepiさんと@Dr_Kid_さんのやり取り、とても勉強になります(*_*)

因果推論のための変数選択は奥が深い… https://t.co/6RsTFHhyKP"
2019-02-22T03:12:33Z,"変数を条件づけると、実際は因果関係があるのにに、関連が見られなくなってしまうこともある。逆もしかり

重回帰に変数入れて、交絡因子調整しましたってとても短絡的だったんですね(・・;)"
2019-02-22T01:05:41Z,"【メモ】
傾向スコアでの擬似RCT便利だけど、その限界を理解せずにRCTのテンションで使うと危険。下記の検討会が重要。

・未測定交絡の影響はどれだけ大きいか
・傾向スコアの推定モデルが妥当か

どんなデザインにも強みと限界があるので、その研究がどの位置付けにあるのかを正しく論じることが大切"
2019-02-22T00:14:08Z,上記の理解で誤りがあればご指摘頂けるとの幸いですm(__)m
2019-02-22T00:13:07Z,"・AICはKL情報量の平均対数尤度のバイアス補正
・BICはベイズでの事後分布の近似値

どちらも最尤法にパラメーターの罰則をつけるという発想から生まれた訳ではないんですね"
2019-02-21T02:49:06Z,しかし、ある時ふと読み返してみると、スラスラ読めたりすると快感だったりもします
2019-02-21T02:32:32Z,"専門書を読んでいると、""簡単なことをいかに難しく書くか""ということを競っているのではないかと感じることがたまにあります..."
2019-02-20T14:05:22Z,"@partialf ですよね^_^;
僕も少しづつ手を付けようと思います。"
2019-02-20T13:24:39Z,"@Specialized_LM ありがとうございます。
私は疫学研究がメインのデータ解析ですので、統計の使いやすさからRを使ってます。
Pythonは、以前機械学習を学ぶときに使っていましたが、何にせよ趣味レベルです^^;
近々落ち着いたらpythonも触りたいと思ってます"
2019-02-20T12:22:29Z,"stringrパッケージで、文字列処理を行う方法をまとめました。正規表現もいい加減勉強します...^^;
R使いのための文字列処理stringrの使い方 - 医療職からデータサイエンティストへ
https://t.co/WULStGxbQs"
2019-02-20T03:48:14Z,"時系列をやりながら、因果推論についてのオンライン講座をedXで受講していると、こんなサイトを見つけてしまった。

時系列、ベイズ、因果推論、線形混合モデル全部つながりそうで興奮しております。
https://t.co/UzD6bNAhaZ"
2019-02-18T11:07:39Z,"今更ながら、RstudioのデータのインポートってGUIでもできるんですね(*_*)

知らなんだ…"
2019-02-18T08:52:28Z,大学図書館いつの間にか最新の本とか置いてあってほんとに助かる(*_*)
2019-02-18T00:34:52Z,予想以上に遠回りしてしまいましたが、時系列の勉強を始めます https://t.co/Q9Zb80w0R0
2019-02-17T09:32:18Z,"一般化線形モデル、階層ベイス、マルチレベル分析が自分の中で一段落ついたので、今までお世話になった書籍を紹介させて頂きます！本当にオススメな書籍ばかりです(^ ^)
一般化線形モデル・階層ベイズ・マルチレベル分析を実践的に学びたい人…
https://t.co/e544XbSTfM"
2019-02-17T00:14:12Z,"地方創生やまちづくりには、人、行政、テクノロジーの3つが重要だと思うのでこの制度を使った先行事例が蓄積してくるといいですね！

修士を出た後しばらくは、医療、介護分野以外で活動したいけど、いつかはこの分野を切り口に関わっていきたいです

https://t.co/vj4rqC4po7"
2019-02-16T06:49:41Z,スマホだと少し見にくいかもしれません^_^;
2019-02-16T06:44:11Z,"ランダム切片傾きモデルを含む交互作用の考え方や、変数を加えた時のパラメーターの変化などにも触れています。前回のまとめもあるので、合わせて読んでみてくだいさい！
マルチレベル分析の基礎②〜色々なモデル〜 - 医療職からデータサイエン…
https://t.co/FgA0XhnR75"
2019-02-15T14:52:33Z,"前回の記事に集団レベルへの変数追加方法とその解釈、その他文章の推敲を行いました！マルチレベルはややこしいので、ご質問や修正依頼等があればコメントください(^ ^)
マルチレベル分析の基礎〜予測だけでは不満なあなたへ〜 - 医療職か…
https://t.co/UdqxVDQEB0"
2019-02-15T05:51:51Z,"MASSパッケージのstepAIC
変数に欠損があるとできないんだ…

lm関数がコンプリートケースで計算するから、選択する変数によってサンプルサイズが変わってしまうことが原因みたいです

やっとスッキリしました^^;"
2019-02-14T09:32:23Z,"私の研究でも、スマホセンサーを使って日々の活動パターンと健康影響を検討しています。
スマホのログデータとセンシングを使えば、様々な傾向が見えて来そうです。
アウトカムをどうやって測定し、どんな解析をするのかによって結果が大きく変わることも意識したいですね

https://t.co/bTJnNIUrgC"
2019-02-14T03:56:14Z,"最近は長文かつRのエントリーが多かったので、今回はPythonのリハビリテーションも兼ねて、RとPythonの相関行列算出法について簡単にまとめてみました。
以外に奥深い相関行列の計算方法 - 医療職からデータサイエンティストへ
https://t.co/NTtNKoOG41"
2019-02-13T23:44:33Z,"Rとpythonを同時に使ってると、pythonのゼロインデックスやオブジェクト指向にやられます…

英語と日本語を使うバイリンガルの方もこんな気持ちなのでしょうか

まだまだ修行が足りない"
2019-02-13T07:09:26Z,"""Statistically Controlling for Confounding Constructs Is Harder than You Think""
タイトル好きです笑
以前から興味のあるSEM
まだ手を出せていませんがやってみたい...
https://t.co/fiC0Eomuzk"
2019-02-11T11:44:59Z,"マルチレベル分析の基礎についてまとめてみました。予測よりも現象の解釈や要因の考察などが必要な方向けです(^ ^)
マルチレベル分析の基礎〜予測だけでは不満なあなたへ〜 - 医療職からデータサイエンティストへ
https://t.co/UdqxVDQEB0"
2019-02-08T15:22:34Z,"統計学や機械学習、データ解析についてまとめています！
https://t.co/GwJIOLnBTC https://t.co/4eSK0bzpEG"
2019-02-08T15:21:22Z,"皆さんにとって、より読みやすいブログになるように、ブログのドメインとPCデザインを変更しました。今後もよろしくお願いします(^ ^)
https://t.co/GwJIOLnBTC"
2019-02-08T06:19:43Z,"脳神経研究室の同期に平均と標準偏差から統計教えてと言われたので、教えていたら、
1時間半ぐらいで、t検定、カイ二乗検定、感度特異度、リスク比オッズ比、ベイズの定理まで理解してました。

自分の平凡さを思い知りましたね^^;"
2019-02-07T14:42:31Z,"ついでに{dplyr}を使った条件分岐の変数作成の方法も追記しました(^ ^)
もっと早く知りたかった高速データフレーム処理~dplyrの使い方~ - 医療職からデータサイエンティストへ
https://t.co/bcmUzvJZmY"
2019-02-07T14:07:38Z,"時系列データを扱うためのパッケージ{lubridate}の使い方をまとめました！使用頻度はそんなに多くないかもしれませんが、いざという時に役に立つと思います！
日付・時刻処理の決定版！lubridateの使い方 - 医療職からデー…
https://t.co/Dp70i13rpu"
2019-02-07T07:50:01Z,"大学院入学当初に作成したデータセットの再編集大変過ぎました…

その時はRの右左も分からず、すべて基本パッケージで無理やり処理していたので、効率悪い、読みにくいで、イチから作成した方が早かったかも^^;"
2019-02-07T03:02:22Z,"信用と明確なビジョンがあれば、資金調達できる時代ですね

調達側のコストとしては、株式会社の場合、銀行からの融資と株式発行の間ぐらいでしょうか
https://t.co/0yJ2zvjho6"
2019-02-06T04:50:46Z,"一度さらっとやってみただけなので、本格的に地理情報の可視化にも挑戦してみたいです
Visualizing New York City WiFi Access with K-Means Clustering https://t.co/1zbGEPoMs8 @Rbloggersから"
2019-02-06T01:56:45Z,"何十年先の未来より、今目の前の問題に対して、壁打ちしながら解決していきたい私のような人には向いてないなーと思います…

ただ、サイエンス領域に片足を突っ込み、知恵の探求に触れられただけでも、進学して良かった"
2019-02-06T01:50:30Z,"倫理審査、科研費申請、論文執筆、研究計画作成…

研究者って、研究以外のことに時間を使ってることが多いんだなと、修士学生ながら感じます(__)

後進の育成と学術発展への寄与も研究者の大事な役割らしいです"
2019-02-04T23:23:05Z,ディープラーニングと確率モデルの統合をするような話が大好きで、この方面を真面目に勉強したいんだけど、そう考えると最近出たボルツマンマシン本は基本を固めるために良さそうだなァ。
2019-02-04T23:16:40Z,誤差伝播に確率分布を使うということですね / 1件のコメント https://t.co/9c0TNY570e “制限付きボルツマンマシンの初心者向けガイド | POSTD” (6 users) https://t.co/47sGxPRI9e
2019-02-04T04:22:37Z,"因果推論、マルチレベル、ベイズ推定、パターン認識、tidyverse...

ブログにまとめて、アウトプットしたい内容がたくさんあるけどインプットももっとしたい

バランスが難しい^_^;"
2019-02-03T10:02:56Z,"マルチレベル分析と因果推論についてやってたら、もう日が暮れた^^;

全く別のコンテンツを使ってますが、事象の解釈という意味でこの2つはすごく相性がいい！"
2019-02-03T00:23:15Z,"まだ半分も受講していませんが、こんなに深く因果推論について学んだのは初めて

面白い！ https://t.co/AYSg02ekt5"
2019-02-02T05:31:53Z,"マルチレベル分析は、機械学習とは違って、現象の解釈のために使うのが主な目的

目的変数、説明変数の加工方法や前提とする現象背景によって、解析結果の解釈がとてつもなく違ってきます。

AIでの予測が流行る中、統計学をベースして実世界とリンクしてる感が私は好きです(^^)

まだまだ奥が深い…"
2019-02-02T00:47:54Z,"最近2日に1回は線形代数の数式が夢の中に出てきます

そのおかげで1問解けました"
2019-01-31T13:05:09Z,"最近流行りのパッケージ{purrr}の使い方についてまとめました。少し難しいですが、使いこなせれば、スマートに繰り返し処理ができそうです!
（使いこなしたい...）
モダンな繰り返し処理purrrの使い方 - 医療職からデータサイ…
https://t.co/Hc2p1jxvnT"
2019-01-31T07:33:33Z,"修論では個人内反復測定の階層データ解析になりそう
勉強しておいてよかった(^^)

ただ、医学分野ではまだまだp値主義なので、ベイズ推定とかstanは使えなさそう

論文にするには混合モデルがぎりぎりでしょう(*_*)"
2019-01-29T04:36:41Z,"救急隊員疲労調査のため、アンケートを手入力でデータセット化しています。

前処理をするための前処理…

これもまた一興"
2019-01-28T10:33:49Z,"独断で調査方法が変更されたのが原因とのこと

データの収集方法や解析方法は予め決めた方法に遵守しなければいけないのは大原則ですね…

そのためにサンプルサイズや抽出方法の検討に時間をかけているのですから https://t.co/ZyeZXpTwzc"
2019-01-27T23:48:18Z,"@linpy7 そう言って頂けて嬉しいです！
是非これらもよろしくお願いします(^^)"
2019-01-27T13:52:26Z,"ブログを初めて1ヶ月

皆さんに読んで頂いて、1000PVを達成しました！

今後もデータ解析に関して、有益となるような情報発信を心がけていきますので、よろしくお願いします(^^)"
2019-01-27T00:57:44Z,"前回より少し複雑な階層ベイズモデリングについてまとめました。今回は予測にも挑戦しました！
階層ベイズモデルを使ったデータ解析の実践~より複雑なモデルへ~ - 医療職からデータサイエンティストへ
https://t.co/HQoepj2zAb"
2019-01-24T05:09:58Z,"統計や機械学習を学び始めた頃は、「〜をXとすると…」という文字への置き換えに、""お願いですから具体例出してください！""と思っていましたが、今ではある程度文字で書かれていた方が落ち着くまでに至りました。

人間の適応力ってすごいですね。"
2019-01-23T09:34:22Z,"この記事、予想以上に皆さんからの反応頂きありがとうございます！
ベイズに関して、あと2,3本記事を書いたら、次は時系列や混合モデルについて書いていくつもりです(^^) https://t.co/ADcdEuO3vH"
2019-01-23T03:59:06Z,"@kanji14134 なるほど…
動かして見せる必要があるのかというところですね…
ありがとうございます！"
2019-01-23T02:03:09Z,@kanji14134 今shinyを活用すべきかどうか迷ってます。けいえちさんはどのように使われてますか？
2019-01-23T00:09:23Z,"生活習慣病や精神病は、薬と医師の力よりも、患者さんの行動変容や社会環境の整備が課題となります。モバイルヘルスはこのあたりで活躍しそうですが、美容や健康アプリと医療とでは、特に安全配慮や個人情報の観点で明確に質が異なるところが鍵になりそうです。
https://t.co/udGCNwbNp9"
2019-01-22T12:31:49Z,"解析そのものよりも、社会の課題仮説を見つけ、それを真実に近い形で立証するための研究デザイン設計に力を注ぎ、質の高いデータを集め、解析と結果の解釈をいかに社会に還元していくか。
疫学の面白さはそこにあります(^^)"
2019-01-22T01:35:33Z,@ninmaruu 実践編ではなく数学編の勘違いでした！
2019-01-21T10:57:32Z,"@ninmaruu 既に解決済みであれば失礼致します。""統計学が最強の学問である実践編""が私としてはおすすめです。
本書のコンセプトは、機械学習を学ぶための本を読むための本とありますが、まさにネットにおちているような概略から中級専門書を読めるだけの実践につなげる良書だと思います(^^)"
2019-01-21T09:12:49Z,"通学の電車の中で、目の前の人が痙攣を起こして倒れた。
とっさに声かけをしたところ、反応もあったため体を支えて椅子に座らせた。

その後、駅員さんに連れられてホームに降りれたので、一安心だった。

バイタルチェックや応急処置は学んでいても、いざ本当に起こると頭真っ白になりますね…"
2019-01-21T07:26:04Z,@hausenjapan ありがとうございます。今後も有益な情報発信を心がけていきますので、よろしくお願いします！
2019-01-20T12:08:44Z,@Specialized_LM ただ、まだまだ私も勉強不足ですので、誤り等を見つけ次第ご指摘頂ければと思いますm(_ _)m
2019-01-20T12:05:43Z,@Specialized_LM そのため、混合モデルや階層ベイズでは、それぞれの切片と傾きがある分布に従うとして、パラメータを推定しています。結論としては、予測をする場合は勉強時間と学校情報から、各学校で推定された切片と傾きに当てはめて予測を行います。
2019-01-20T12:02:15Z,"@Specialized_LM 各属性ごとで十分な数のデータがある場合は、それぞれの属性ごとに回帰直線を求めた結果と上記の推定値はほとんど同じになります。
ただ、今回のようにサンプルが少ない属性がある場合は、属性ごとに回帰分析を行うと過学習した回帰直線になる可能性があります。"
2019-01-20T11:58:34Z,@Specialized_LM コメント頂きありがとうございます。今回のモデルで第三者の予測をする場合は、時間に加えて学校も必要になります。記事の中のa0とb0の平均値は、学校差を考慮した共通の傾きと解釈できます。記事の中では触れていないですが、混合モデルやstanでは各学校ごとの切片と傾きというのも推定されます。
2019-01-20T11:26:48Z,達成までもう少し… https://t.co/zlW8wQDL1i
2019-01-20T08:20:45Z,"階層ベイズの基本から、線形混合モデルとの比較までをまとめました。階層性データの解析に興味ある方はぜひ読んでみてください^ ^
線形混合モデルと階層ベイズモデルを使ったデータ解析の実践 - 医療職からデータサイエンティストへ
https://t.co/duy3LNLxJv"
2019-01-19T00:58:28Z,"Rのデータフレーム処理をスマートに行う方法をまとめました。比較してみるとそのスマートさが分かります。
もっと早く知りたかった高速データフレーム処理~dplyrの使い方~ - 医療職からデータサイエンティストへ
https://t.co/bcmUzvJZmY"
2019-01-18T12:01:01Z,"今週末の目標

・Rのデータフレーム処理に関するブログを書く

・階層モデルの混合線形とベイズ推定についてのブログを書く

・時系列についてARIMA、状態空間の概略を理解する

・マラソンに向けて走る"
2019-01-17T00:12:25Z,"一般化線形モデル、分散分析表、回帰分析、決定係数

もう少しですべてが繋がりそうです…"
2019-01-16T23:44:26Z,"具体的なカリキュラムとかは気になります。
基盤の構築からビジネス、社会への適用までのどこに力を入れるでしょう。それとも全部？
 https://t.co/LYUuxKqCnJ"
2019-01-16T10:47:53Z,"医療を学ぶ一研究者としては、この文面に少々違和感を覚えています。
&gt;&gt;
近年の研究では、機械は生物のアルゴリズムを摸倣できることがわかっているため、生物と機械との唯一の差はニューラルネットワーク（ニューロン間のあらゆる相互接続）の数のみといわれています。
&gt;&gt;
https://t.co/bWaug6C6LT"
2019-01-15T08:32:44Z,"さらにデータサイエンティストとコンサルタントのスキルについて、

コンサルタントはアートをベースにしたサイエンススキル、

データサイエンティストはサイエンスをベースにしたアートスキル

という理解の仕方も面白いと思いました https://t.co/uooN8UQh2E"
2019-01-15T07:09:25Z,データサイエンティストの役割はアナリティクスはもちろんのこと、広義のエンジニアリング、つまり社会にどうやって価値提供するかというところで真価が問われるという言葉にぐっと来ました
2019-01-14T13:00:00Z,"stanを学ぶモチベーション

・イメージしにくいベイズ推定を視覚的に学べる
・世の中の事象を統計モデルに組み込める
・統計学の数式に興味がわいてくる
・Theデータサイエンティストをしている気分になれる"
2019-01-14T05:03:31Z,"○少しマニアックな確率分布たち

・カテゴリカル分布
ベルヌーイ分布の多変量版

・多項分布
二項分布の多変量版

・ベータ分布
ベルヌーイ分布や二項分布の確率が従う分布

・ディレクトリ分布
ベータ分布の多変量版

・多変量正規分布
正規分布の多変量版

確率分布は奥が深いです"
2019-01-14T00:41:15Z,"R,Pythonの二刀流を目指します https://t.co/h6SXn1pWyA"
2019-01-13T13:49:09Z,@taberuhanasu シェアありがとうございます(^^)
2019-01-13T12:21:05Z,"簡単な単回帰分析を用いて、ベイズ推定の概略からstanを使った実践までをまとめてみました！

stanの記法にもだいぶ慣れてきました😁
ベイズ推定で単回帰分析~概略からstanの実践まで~ - 医療職からデータサイエンティストへ
https://t.co/bqIPuZ0jIH"
2019-01-13T04:41:51Z,"フォロワー100人にご協力いただきありがとうございました！

今後もデータ解析、統計学に関することを皆さんにとって有益な形で発信できるよう心がけていきます。

今後もよろしくお願いします(^^)"
2019-01-12T10:10:08Z,"最近はRばかり触ってるので、pythonが書けなくなってそうです…

・マルチレベル分析
・階層ベイズ
・時系列
辺りをもう少し深ぼったら、pythonで機械学習の方も進めていきます！"
2019-01-12T10:03:28Z,"なにをやっているのかざっくり書いた。本文では述べてませんが、心がわかればなんで平均場近似なんてものが出てくるのかもなんとなく分かるはず（要は問題を簡単にしたてあげたい） #はてなブログ
変分ベイズ法の心 - HELLO CYBER…
https://t.co/WqtebdAKlj"
2019-01-12T09:39:34Z,"ほしい…
あえて役に立たないところが素晴らしい
https://t.co/Xj1GuOTigx"
2019-01-12T05:39:47Z,"脱統計初学者！確率分布まとめ~正規分布・t分布~ - 医療職からデータサイエンティストへ
https://t.co/jSfsqThtgr"
2019-01-12T05:38:57Z,"脱統計初学者！確率分布まとめ~正規分布・t分布~ - 医療職からデータサイエンティストへ
https://t.co/jSfsqThtgr"
2019-01-12T03:46:59Z,"正規分布、t分布の意味を出来るだけ数式を使わずにまとめてみました！
脱統計初学者！確率分布まとめ~正規分布・t分布~ - 医療職からデータサイエンティストへ
https://t.co/CNYROaiPva"
2019-01-11T11:46:45Z,"単回帰分析で、なぜ傾きや切片にt値が出てくるのか、どこから分散分析表が出てきたのかずっと不思議に思ってましたが、やっと理解してきました。

そのうちブログにまとめます！
同じ悩みを持ってる人はいるのでしょうか…"
2019-01-10T11:13:28Z,"私のボスは、労災に関する調査を行っていましたが、労災統計があまりにも不適当だったと嘆いていました。

ビックデータ時代には、どのような目的で、どのようにデータを集めるか
いわゆる研究デザインの考え方も重要ですよね
https://t.co/cb3wBvlQge"
2019-01-10T09:30:58Z,"日本は医療機器登録が厳しいので、心電図が見れるとなると日本で普及させるには時間がかかりそうです…
https://t.co/zPemUEviC0"
2019-01-10T04:32:27Z,gitでpush、pullし合える仲間がほしいです
2019-01-10T03:47:11Z,"Rstudioとgitの組み合わせ、とても良いです。

最近はR notebookの存在にも気づき、やりたいことはほとんどカバーされてます！"
2019-01-10T00:12:07Z,大学と家とでRソースコードをドロップボックスで管理してたけど、gitを導入してみたらすごくよかった
2019-01-09T15:01:02Z,少し違うか…変更歴史？
2019-01-09T12:46:44Z,"バージョン管理って、変更履歴の管理のことなんですね

#IT用語難し"
2019-01-09T08:47:07Z,"事前分布を正規分布としたMAP推定が正則化した最小二乗法と同じだということを知ったとき、
正規分布の最尤法が最小二乗法と同じだと知ったときと同じぐらい感動しました。"
2019-01-09T05:51:53Z,世の中の人はEAP推定とMAP推定の違いに興味がないという帰無仮説があった場合、私がフォローしている方々をサンプルにすると有意水準1%で棄却されるかもしれませんね
2019-01-09T02:44:14Z,ベイズモデリングの流れや大枠が分かると、自分の立ち位置も理解しやすくなります。 https://t.co/PlnUPgfCgF
2019-01-08T14:46:57Z,"サンプルサイズ設計にも使えます！
有意水準と検出力をグラフィカルにシミュレーションで理解する - 医療職からデータサイエンティストへ
https://t.co/fYxZsR2Rqh"
2019-01-08T09:04:11Z,スマホで貸付ファンドに投資できるマーケットプレイス「Funds」をクラウドポートが公開  |  TechCrunch Japan https://t.co/8Z7cWFudWP @jptechcrunchさんから
2019-01-08T03:33:26Z,サンプルサイズが小さい時は、Wilcoxonの符号順位和検定よりt検定の方が検出力が高い時もあるのか
2019-01-07T08:58:08Z,普通に考えれば当たり前ですが、活性化関数とリンク関数の関係性を知ったときすごい発見をした気分になりました。
2019-01-07T04:26:31Z,大学の図書館に行くと読みたい本がたくさんあって、つい借りすぎてしまう
2019-01-06T05:44:48Z,@bell00015 unsplashはodanの検索にふくまれてました^^;
2019-01-06T05:42:26Z,"@bell00015 既にご存知かもしれませんが、以下2つはとても綺麗な写真が揃ってます！
https://t.co/rdC3xOUeAS
https://t.co/dUxc22de3p"
2019-01-06T03:13:03Z,"@SFujita77 なるほど…
インスリン感受性の低下→血管拡張作用の低下というメカニズムも納得できます。
勉強になります。"
2019-01-06T02:17:44Z,"他にもインスリンレベルの低下という報告もあります
内皮機能の低下とも関係があるのでしょうか？ https://t.co/sdfLj504Dm"
2019-01-06T01:31:41Z,"金利を下げれば景気が良くなるという原理が通用しなかった日本
（そもそもバブル崩壊後からずっと低かった）
個人消費が全然回復しないまま金利が上がれば、どうなってしまうのか、、、
#ldnews https://t.co/J0s9utkxUK"
2019-01-05T10:08:58Z,"半年前は確率のコンビネーションすら解けなかったけど、今は中級ぐらいの統計・機械学習専門書は読みこなせるようになってきましたよー

時間のアドバンテージが大きい学生のうちにまだまだ成長していきます！"
2019-01-05T05:08:20Z,情報を発信すると、勉強のモチベーション維持にとても効果的です(^^)
2019-01-05T04:28:46Z,"なかなかイメージが湧きにくい確率分布を具体例を使ってまとめてみました！今回は離散型確率分布が中心です。
脱統計初学者！確率分布まとめ~ベルヌーイ分布・二項分布・ポワソン分布・指数分布~ - 医療職からデータサイエンティストへ
https://t.co/MxaeEeayBK"
2019-01-04T05:45:31Z,"ポワソン分布の式は難しく見えて、二項分布からの式を追っていくと理解が深まります。
ポアソン分布を導出する｜こんぴゅ @konpyu｜note（ノート） https://t.co/605W8R1wMs"
2019-01-04T02:44:25Z,"今回はstanを使って二項分布のパラメーター推定をやってみました。今後もstanの活躍の場は広がりそうです！
Rでstanを使ってみる~ベイズの定理でベルヌーイ分布の推定~ - 医療職からデータサイエンティストへ
https://t.co/zrz5CE4YYo"
2019-01-01T09:23:02Z,"最近研究室で、サイエンスコミュニケーションというワードが流行っています！

社会医学は、非研究者の方々に価値を感じてもらい社会に還元することが大切です

データサイエンスコミュニケーションもとても大事ですね(^^)"
2019-01-01T05:01:34Z,"今年はStanを使ったベイズ統計モデリングにも挑戦していきます！今年もよろしくお願い致します。
Rでstan使ってみる~導入編 for Mac~ - 医療職からデータサイエンティストへ
https://t.co/KM5kKNZulF"
2018-12-31T04:21:47Z,機械学習と一口に言っても、研究開発はどちらかというと登山でいうと8000m峰や未踏峰に登ったりアルパインスタイルで登るみたいな「限界への挑戦」という雰囲気があるけど、社会実装するというのはロープウェイやケーブルカーを作って誰でも気軽に高い山に登れるようにする大衆化という雰囲気がある
2018-12-31T04:19:58Z,"昨日に引き続き、カーネル密度関数についてまとめました！今年の記事はこれが最後になります。みなさま良いお年を！ #はてなブログ
カーネル密度推定~グラフィカルにまとめてみる~ - 医療職からデータサイエンティストへ
https://t.co/KTZkEZLWo9"
2018-12-30T12:21:50Z,"カーネル密度推定何となく理解できました。また改めて詳しくまとめます！ #はてなブログ
Rでカーネル密度推定 - 医療職からデータサイエンティストへ
https://t.co/mTKubda9xa"
2018-12-29T10:14:11Z,"期待損失関数って難しいですね... #はてなブログ
回帰直線の求め方~最尤法、最小二乗法、期待損失関数~ - 医療職からデータサイエンティストへ
https://t.co/EGPIKcZ1xa"
2018-12-29T03:15:16Z,"Rのoptimとoptimizeをグラフィカルにまとめてみました！ #はてなブログ
動かしながら学ぶR~optim関数とoptimize関数~ - 医療職からデータサイエンティストへ
https://t.co/I0DGJBlWLD"
2018-12-26T14:10:49Z,"分類問題へのアプローチについてまとめてみました！ #はてなブログ
リンゴで理解する分類問題~生成モデル、識別モデル、識別関数って何ですか？~ - 医療職からデータサイエンティストへ
https://t.co/r84PHziuoM"
2018-12-24T03:44:44Z,"尤度についてリンゴを使ってまとめてみました #はてなブログ
リンゴで理解する 尤度 とは~離散確率から正規分布まで~ - 医療職からデータサイエンティストへ
https://t.co/o28KO5mAGB"
2018-04-08T03:06:15Z,"身体不活動と身体活動は独立した要因であるというのは、知らなかった…
運動していても不活動時間が長い場合は、各種疾患になるかもしれないということ
不活動性=有害要因という認識を広めるためにも研究をすすめたい！"
2018-03-06T05:54:15Z,"1日何回でも受け放題って、時間のある学生にとっては留学しなくても1日英語漬けになれる！学生のうちにその恩恵受けよう
#ネイティブキャンプ"
2018-02-20T15:38:59Z,"イグジット(辞職)や組織へのボイス(交渉)という文化が日本には少ないから、過労死が多い。
しかし、今後労働者が売り手市場になる日本においては、イグジットやボイスが活発化するという流れ

残業が減らない理由が、皆が残業してるからというのも日本らしい https://t.co/gGpgpkJzQS"
2018-02-20T15:31:21Z,"○日本と英米の企業の形
・英米型
株価の最大化を目指して、株主への利益還元を目的とする。
→従業員の解雇はいとわない
→個人主義の文化

・日本型
従業員や取引先などの利益を総合的に最大化する。
→調和を重んじる
→終身雇用の文化

日本の企業文化を英米化する部分と残す部分が必要"
